split,row,idx,word,label,glove_target,glove_context_2,glove_context_5,bert_layer_1,bert_layer_2,bert_layer_3,bert_layer_4,bert_layer_5,bert_layer_6,bert_layer_7,bert_layer_8,bert_layer_9,bert_layer_10,bert_layer_11,bert_layer_12,bert_mean_last_four
train,0,62,reach,False,1.0,0.48033146035885466,0.48033146035885466,0.6462946578224075,0.6537593653844488,0.6710743582876773,0.7014511033685507,0.6507107781294188,0.6229403247180245,0.6125685774691855,0.5804159192261394,0.6082588095416174,0.55170445839662,0.5441043288938967,0.41796809328393325,0.5523573730548501
train,1,144,light,True,1.0,0.6788642839633675,0.7901454994730555,0.8695518063253331,0.8342634149663384,0.7450904037796271,0.6722675180449313,0.6026923751278557,0.5097452950459699,0.5072112704647871,0.4703605645205743,0.46168594261221274,0.45430252846095787,0.5144533974948007,0.5558537737218833,0.494879525908108
train,2,264,light,False,1.0,0.7848117489730302,0.6727480029956705,0.9065878082665135,0.8212543473064441,0.8174147075202376,0.7379415159411347,0.7324666534938653,0.6496029347265002,0.5871680706881672,0.5231715584667989,0.45242315101566477,0.4254183851657848,0.486216755934324,0.4662289217791501,0.4619186064993741
train,3,341,job,True,1.0,0.5510758026453144,0.6308718774841581,0.8357478247905217,0.790710902937185,0.7077164605429171,0.6632047584656043,0.6555799350171386,0.6455271167109977,0.6112135159245523,0.612641237465823,0.5303593275805631,0.5733839130425644,0.6116313377973251,0.5428688590347941,0.5838122320128347
train,4,357,cup,False,1.0,0.48963341314608233,0.6372068554657878,0.8119420041888638,0.78959802672284,0.7059000439652022,0.6740964126549117,0.6481667486468697,0.6012279866422747,0.5752123632286877,0.5783411695721252,0.5764582212007674,0.5699417249921218,0.5789794739870916,0.5024807348871663,0.5756278999858527
train,5,471,connection,False,1.0,0.6905482512835869,0.6636520122038037,0.8880494427504493,0.8486580562707233,0.8546803941319137,0.8575621754871229,0.8599024647268906,0.8411039348115599,0.8291039843289693,0.8003067048338507,0.7505707110322183,0.690704079954904,0.6845815546240823,0.6532755588768329,0.7141707435823264
train,6,490,trump,True,1.0,0.40441541896112854,0.4444801763824405,0.633825662061157,0.6514061615359718,0.6098203517475616,0.6136629101093733,0.6301257022984882,0.617486809988098,0.615748851960648,0.6157722707558267,0.6153129963613776,0.6409709223985873,0.6931268975662936,0.6735672411296432,0.6711515422171318
train,7,509,work,True,1.0,0.4332556184088623,0.6773233549211736,0.9312887386633779,0.921618588614247,0.901856792989569,0.9010570119876209,0.9071805876171911,0.91792114547622,0.9276984525897107,0.8879821827145923,0.8254177933574327,0.7891567282025749,0.8196060750296179,0.8104628983742984,0.8239897385581373
train,8,723,product,False,1.0,0.6794674703956523,0.667751803009703,0.8584459078594857,0.8100416589023663,0.7753303258162779,0.7756559283873894,0.7879517002121562,0.7779275455857133,0.7845837573871977,0.7555801051553024,0.6759155770704112,0.5988517923992905,0.5999594105889093,0.5578878731275583,0.6285972506028833
train,9,771,line,True,1.0,0.6817878382094211,0.6991326315696805,0.8834982743304215,0.7715592566091104,0.6939656787042301,0.6071875748421339,0.5702931982420157,0.49823028429393235,0.442759433814704,0.4019781151143068,0.36863198029589817,0.32194851502875144,0.33650652277209986,0.33239482736565906,0.3497245080570482
train,10,781,be,True,1.0,0.565572368726238,0.7598373197494432,0.4733169203233618,0.5355198618536609,0.528508157845173,0.545607692566407,0.5942925609559544,0.4836124150531266,0.46401093764180196,0.3944563355103896,0.3738866382841578,0.4097497457380384,0.4710022738402907,0.35130598710872285,0.4199191424519764
train,11,819,slot,True,1.0,0.7661583528734451,0.8089028662097323,0.9011928866785959,0.8408675236243757,0.8217075263332233,0.8224793694611827,0.8182496646180968,0.8411059419706624,0.8285280493201148,0.8268832055094006,0.7581850394414271,0.7212902142741262,0.7325875246124101,0.6846827691163735,0.7452080525469934
train,12,833,voice,False,1.0,0.5803747737356764,0.7410068622692544,0.9093242238031373,0.8901433265953387,0.8920971970041958,0.8399228744273187,0.7788002353180787,0.7770191639031456,0.7562594961113304,0.7714799269985106,0.7516300343429775,0.6755353818366845,0.6791349684611794,0.596590551934617,0.701402111144944
train,13,894,roll,False,1.0,0.2496375257662737,0.32588872255424184,0.5313471455098059,0.5624914348673228,0.5671269683822806,0.47770138414331725,0.4859013704359375,0.4950964466602459,0.5082560151550817,0.5078541482851557,0.472801059447651,0.4626237707627853,0.45964665291391155,0.3397921434701251,0.4625910202185036
train,14,905,play,False,1.0,0.20382974168976567,0.19505136240049945,0.7823815634885913,0.7230103573829402,0.6187248999945627,0.572537194923104,0.5922471004694893,0.5756849359211466,0.6269702542895618,0.6226932225125034,0.5609788817673611,0.5184887392846927,0.5907316155634897,0.7044776745866443,0.5756939929285841
train,15,943,pay,False,1.0,0.4825277078548498,0.4825277078548498,0.7776972095462957,0.7308578616279042,0.6616742366069314,0.6099528561107181,0.6336353951261049,0.6317305268842875,0.629084356869835,0.6199067294078505,0.5844946065542851,0.5743777115177484,0.5970586305648975,0.5025766789879527,0.5886635661935328
train,16,1085,make,True,1.0,0.7384928664021113,0.8244466441522603,0.9089345847760762,0.8954685676987247,0.85020620740677,0.7554744092617607,0.6778633720056629,0.6176566842779933,0.48638611631033796,0.4308617849280032,0.33168074276527076,0.3576057836128196,0.4545180114617073,0.5254983870665584,0.40975057382663316
train,17,1104,movement,False,1.0,0.2970663779007793,0.4860005722051269,0.7776473015613863,0.7921648493864534,0.7240705975501394,0.6496959044066006,0.6650131794499609,0.6477045960985869,0.617244584134336,0.5961861999353828,0.5453947064669942,0.5670447130939631,0.6313028066170735,0.5543645451831475,0.590495945691675
train,18,1141,grace,False,1.0,0.6333571598741836,0.7348602343218779,0.8829929418541475,0.8131678218550589,0.7687045976584844,0.6930991783965869,0.6184532936160629,0.6021858366424685,0.5865824559781309,0.5601750324668748,0.5057830836089923,0.52565878635559,0.5764616251779433,0.5141256784557229,0.5578151888550876
train,19,1212,charge,False,1.0,0.5116043357868834,0.6420611995762011,0.5103888050981853,0.46247667472857534,0.530345231225697,0.48721628070246054,0.4609083252882393,0.44976963139826626,0.4566962812253116,0.40822895333665515,0.3728872585187195,0.40176884590271067,0.46429061485681267,0.34679096090518186,0.4108834374601843
train,20,1224,time,True,1.0,0.7885164226512514,0.680261088641309,0.7853474322184708,0.73027319445903,0.6667735657591316,0.6343874679282747,0.6913124244415176,0.606312894475018,0.5819859615935085,0.6478530099596388,0.6504649318982305,0.6605454537424096,0.6884363435159141,0.6969168201389496,0.6929586012108301
train,21,1302,leave,False,1.0,0.5569445985882467,0.6967005779922573,0.6570137894958544,0.6907007379935074,0.6820840234131376,0.6692289866721547,0.6673356207340212,0.636720353384512,0.5735123405195227,0.5448831182008366,0.5085451112671671,0.5022242239208635,0.5267292103921605,0.48115616827952606,0.5099318307208444
train,22,1339,match,False,1.0,0.3377246520614764,0.35823947629767144,0.8121107163424467,0.7244667326688444,0.7072051180157116,0.693364393143034,0.7112075910950615,0.6253986114235879,0.572292144335871,0.5206097088147176,0.47624067416826327,0.4953873712034895,0.5715911283793661,0.41884322727250795,0.5276318020485097
train,23,1378,make,False,1.0,0.587719463072626,0.6093663328627718,0.7835364142663747,0.7812873078542824,0.6372285181651818,0.5489023306225129,0.48668718958630536,0.3763350210472922,0.32651171433608317,0.28625540894008294,0.27484422299420175,0.3175124905892449,0.39480903531082506,0.17936379292422014,0.33142198312818183
train,24,1464,volume,True,1.0,0.6569270002932112,0.7050696788632757,0.8428978770915527,0.7988887286649825,0.7513366014251194,0.7550394824210371,0.7397753259183236,0.646899679518815,0.6102845245529337,0.6298272126205005,0.601700169455662,0.6046560421080941,0.6720069977851717,0.6892038203298494,0.648607484151771
train,25,1465,try,True,1.0,0.8182099966289827,0.7850460352720401,0.6240439214781941,0.6127934155941831,0.47790703470137286,0.44908784688139486,0.4462657496480385,0.46916976033768326,0.4776738650009106,0.4503043542615576,0.4092098318092522,0.39899377144681486,0.4543489159051101,0.42124874425978776,0.423699607844225
train,26,1633,operation,False,1.0,0.3319444556448044,0.410139402809513,0.8240559989355545,0.7648263039364455,0.6807031169705378,0.5964124777173806,0.5168390688965218,0.4914927590732886,0.4734600140291334,0.47762366293972885,0.49968731210969974,0.49970561826677806,0.5519654710110603,0.4766404536263613,0.5243916194706757
train,27,1639,image,True,1.0,0.3501731787155569,0.7055105654811152,0.811341113267898,0.7770773959219228,0.779926676117538,0.7432296346737218,0.7465544174414173,0.753070863862665,0.7440651201345644,0.7640734824935267,0.773897203362533,0.7348186861356407,0.7730851952432791,0.702013730394234,0.7665592373285004
train,28,1722,dress,True,1.0,0.19520129237539258,0.18112830835233748,0.47078251885784395,0.5140667317812605,0.5161723990140946,0.6026890405451304,0.6702054159235274,0.6822605987582402,0.6949696957876254,0.6893655624550844,0.6909943076499329,0.6829698672031302,0.6814758763046944,0.6203646210694822,0.6838142908956205
train,29,1737,presentation,False,1.0,0.3153534567625578,0.5847033322488155,0.5682497891084792,0.5399963099428358,0.5312097032278246,0.5234632261826789,0.5147144122452094,0.5145674371785045,0.4906432628544206,0.4923284451506585,0.49613046088904605,0.4319905588723546,0.44505264447299386,0.40116666667868855,0.4547158934935055
train,30,1758,krona,True,1.0,0.513085289472673,0.7669170176316675,0.9133630110660933,0.919159487328006,0.9222735007282483,0.9019890066198616,0.8654091968000778,0.8264129024684919,0.7805646032341211,0.7719882141763041,0.8037062392925323,0.8407456832077169,0.8461360795386176,0.8394873649961156,0.833742615720304
train,31,1791,seek,True,1.0,0.15793285482302866,0.15793285482302866,0.8834347217629005,0.8718456255683872,0.8449522063079475,0.8364195710072464,0.8584235122392959,0.8680345593705979,0.887901358302392,0.8862940227040315,0.8556240626194274,0.847608265838772,0.8731697963162954,0.9293507638057443,0.8712098649785468
train,32,1800,proficiency,True,1.0,0.48417956032620013,0.5404743989526558,0.8400502851245084,0.8248286415164351,0.8151347742524909,0.7753100900186825,0.7942443811209011,0.8112644280217138,0.7712972118798879,0.7541294698517483,0.7314142336646582,0.7393464408890427,0.7525572532673734,0.7070073437869225,0.7477651830111894
train,33,1830,strike,False,1.0,0.39307096045446216,0.39307096045446216,0.5554090060788086,0.541884858549229,0.6153740044189764,0.5869274269500907,0.5861846743898087,0.5521339394808821,0.4522616538871271,0.4317653114456823,0.3743346318995053,0.3928163031919078,0.43874077128166483,0.31408552585592436,0.39817748658595326
train,34,1833,face,False,1.0,0.6560901482313768,0.7990951767267769,0.8045236263221333,0.7315428748888526,0.6201573632043725,0.5745654680749198,0.5300879778044942,0.5116175436053253,0.47466319594684186,0.4917478092845712,0.41377200903003647,0.39928679940870787,0.4466239610201554,0.4346135491989223,0.4381244191406629
train,35,1918,stage,False,1.0,0.6650447394657399,0.6432441144907101,0.8401887472594323,0.7893685028244771,0.6811550055298885,0.5955650251829459,0.4839542802926214,0.38879225704400505,0.31909339968209555,0.2577793864424031,0.2789552787073819,0.32098794638544936,0.4069675684428747,0.3414081268689922,0.3412146355163135
train,36,1932,seat,True,1.0,0.7335252712096252,0.6926744885624582,0.7065020916101874,0.633256334864071,0.6323546597828982,0.5935916553127772,0.6084521238227082,0.587299661873973,0.5662209240588532,0.5646584837412673,0.5196107831228687,0.4692431205449818,0.5151505142495063,0.4565893806026298,0.5000415043340607
train,37,1988,gather,True,1.0,0.550378311435039,0.7805462493238495,0.8602184748053794,0.8674541528538621,0.861830346600151,0.8143523154733937,0.8106012932534553,0.7830486297685441,0.7746371695940367,0.6854002228113725,0.6406310697719408,0.6320198989923302,0.6694491663317255,0.6124731549357005,0.6602623563941391
train,38,2096,beat,False,1.0,0.19519931297061752,0.19519931297061752,0.5814371211389185,0.5860056458104995,0.5770991744183737,0.5578546758929053,0.5223072600528371,0.3830672023160949,0.3826948281534159,0.3272120602380348,0.25907138459116885,0.27768454926625863,0.3571087785313534,0.21662924118070911,0.29319290268100034
train,39,2174,number,True,1.0,0.5260867717920606,0.664061100983977,0.7083540591220627,0.7333601190250708,0.7186468662695011,0.7149232035465486,0.6998724441949262,0.6647513785067521,0.6843073111617611,0.7002936764374457,0.7149841536881096,0.7562675896517892,0.7550652409236632,0.7053446661823699,0.7479428791542386
train,40,2211,period,True,1.0,0.34012125371882956,0.31675788668226806,0.7847662251948064,0.690049950747808,0.6532873972904706,0.625764574885218,0.5647770807686274,0.5111914277604689,0.507162465953956,0.47755633408476256,0.384063165169723,0.2854253396288423,0.25069291308767455,0.2111957952636731,0.2956161010363775
train,41,2214,score,False,1.0,0.6566138322844612,0.5494081830496836,0.8021002749952657,0.6853210299996381,0.640076778072199,0.6290569296265405,0.611466087310229,0.5845297777340022,0.5745152165005016,0.5260944358161257,0.43062693398899643,0.3903795901457192,0.3967505919748503,0.33682499892595247,0.4124393715346566
train,42,2243,hold,True,1.0,0.5600154322931864,0.5600154322931864,0.6824604983802826,0.6793109668492258,0.6604327914651575,0.6448762032901252,0.6094424250787327,0.5837073328535325,0.5409630315805285,0.5456174655939423,0.4920059081156849,0.4836071595661513,0.5106628153760954,0.41860804442720556,0.5001338303187117
train,43,2254,narrowness,True,1.0,0.7521884101598761,0.7713249327277959,0.8968586619475952,0.8972801225083613,0.8911140563885585,0.8700763339747879,0.8534959316634307,0.8116490668014824,0.7923514084999161,0.7707644660278027,0.7256586889036771,0.7193580161136313,0.7530051513604047,0.7255016628006258,0.7387202070553965
train,44,2344,head,True,1.0,0.9494417054889576,0.7837571635136102,0.8618344586580813,0.8634849323352337,0.8808536190083308,0.8380632750296316,0.7747206552560566,0.7380066147803629,0.7212283291251562,0.6606157068967634,0.6218653346095961,0.6198926743261689,0.6553186410859975,0.6297980397451515,0.6512151021826227
train,45,2356,beginning,False,1.0,0.882527905250651,0.8416602118610668,0.8965536824799768,0.9185787358186838,0.9312364596912039,0.9045896240967282,0.8568858812015439,0.8308255756288156,0.8172978165359643,0.7873739273112222,0.7343885804657563,0.7256515747446396,0.7393317935211084,0.6658554092413965,0.7368205471633947
train,46,2394,state,True,1.0,0.46562951187605545,0.6528423993860581,0.8379862691219634,0.8106307737211776,0.7589843040662583,0.6822821999223665,0.687449866240013,0.6875398147832796,0.6885915993326115,0.6691460118784877,0.6387987278436764,0.6680142610807355,0.7076091233344035,0.6758314732549976,0.6845358944152475
train,47,2506,nomination,False,1.0,0.5728693078568713,0.5523087285939231,0.7861629940487124,0.7518782025096561,0.7379768558927603,0.6895555269848828,0.666854530648622,0.6638939866550188,0.6452000187954148,0.63113162694248,0.5765974997366771,0.6464186216300285,0.7001209195037998,0.6619559704660892,0.6548928981321198
train,48,2532,assimilate,False,1.0,0.7330515001860394,0.7986810478409554,0.8070794414813319,0.8421488672948243,0.8516340374477459,0.8366127668662778,0.8557262987585025,0.8388271469291003,0.8264495460693273,0.7655524929348516,0.6959818298060636,0.5691314545827069,0.534362894752569,0.5610668480529205,0.6017731875043919
train,49,2913,now,True,1.0,0.5428922817170243,0.8627315455250338,0.8133246201330836,0.8051466139789275,0.7787829004654634,0.6691587950042353,0.6015330202807893,0.5988857722106362,0.5349538532060754,0.5410013917387346,0.5108207503260063,0.5396441877563407,0.5658534012397806,0.4176488672469935,0.5425173337766037
train,50,3101,coverage,False,1.0,0.5124771896347443,0.6446259330312761,0.6441551512199153,0.6550978517232956,0.6156756848605697,0.5998503478490133,0.5836877346036726,0.5825416996018992,0.5790868752467208,0.5606794489442138,0.5045881423883856,0.49268706765769665,0.5130839575695302,0.47292483471189495,0.5121415214001688
train,51,3156,hit,False,1.0,0.599452681313179,0.6366395025753311,0.5637834831105099,0.5486772687791968,0.5074643048276665,0.5128385575812755,0.4847174994822666,0.45538776104241674,0.44713300282601043,0.4231660162624898,0.3604859916726257,0.3598120905924305,0.3396140987570832,0.3416513943269459,0.36200162312195844
train,52,3158,touch,False,1.0,0.5955257419707275,0.6846288838896312,0.823327364507331,0.8297539107111244,0.7737971934588213,0.6835125697594142,0.6269256616170251,0.5415560809521298,0.48896630869691077,0.4263871916863845,0.3808623780641808,0.337598219043104,0.4163836468668043,0.4253627718812057,0.3938499830179575
train,53,3214,wall,False,1.0,0.21589633385245233,0.2480161858197704,0.6405368727310113,0.6201996277713269,0.6090301973353595,0.557697206647908,0.5552917820105918,0.5917952812091379,0.608060259466865,0.5749042022033837,0.5486282434752239,0.5506254513144176,0.609108428342761,0.4855997762072024,0.5715034379153001
train,54,3252,hit,True,1.0,0.7193461095990615,0.7242637143290576,0.9190486832134429,0.8928227068524963,0.8980258446031127,0.885860125842597,0.823904287350697,0.7706695982970094,0.770075600156792,0.7442482194770411,0.7141300369024837,0.6732593098161007,0.7126253238818765,0.6256157343504176,0.7060272115415427
train,55,3292,leave,False,1.0,0.4665120328075246,0.6673350859448458,0.5629462380850336,0.6082196016943692,0.6807401982192336,0.6424771102594912,0.5839191301465729,0.5002305041421048,0.4741847443156188,0.4658702877104099,0.4484170318560174,0.4877330890827598,0.4780262239161838,0.25910741543353233,0.4573368753981073
train,56,3330,stuff,False,1.0,0.7050369216674955,0.6963374786891469,0.8622549900289554,0.8196410691863291,0.7653435485913741,0.7173545025187266,0.6829874948844935,0.6290724647656738,0.61507060793489,0.6300446522279671,0.5796684505952365,0.5500118981943888,0.5872811039345204,0.5535012844200399,0.579706023871581
train,57,3356,clash,True,1.0,0.4767048055462208,0.5055134302302383,0.4738749281054729,0.49407809106535955,0.5501101266511303,0.5815096950036407,0.5982866129592515,0.6614430676453192,0.6419171708392855,0.6681928740070756,0.543915219767388,0.5624901724629408,0.5611793869365042,0.48176392179437255,0.5638287970225715
train,58,3380,line,False,1.0,0.6254859337781344,0.6822268709423024,0.8376287664004612,0.6889946655775585,0.628643474659351,0.5136636867389196,0.48829845423788726,0.42862850131651153,0.4055839626346963,0.40163919217188465,0.38856853061762786,0.39639569177715195,0.41536152835097484,0.40580848070338404,0.4155156151823534
train,59,3386,operation,False,1.0,0.44893395657151564,0.39351406963027025,0.8523526587780801,0.8241309338594632,0.7581152497493852,0.7232230337929606,0.641128000887536,0.5777346399718477,0.5468323999305371,0.5533445828475608,0.5430115496453138,0.5559581481978914,0.6188421146749432,0.47887869944742595,0.5796019221526731
train,60,3554,enter,True,1.0,0.2444494390760803,0.2997819725358656,0.8455848131116565,0.7969705121431652,0.7884165078349029,0.8181923999502058,0.8339718503148044,0.8332525837511824,0.8411375043798869,0.8430972886906384,0.8000820706784971,0.7538232557508379,0.7858787711457206,0.8038463679676255,0.7945874637695765
train,61,3690,patch,False,1.0,0.4596556789831036,0.4596556789831036,0.8539795285757835,0.8010685980279387,0.7353708928087942,0.6462018203378856,0.6550216998746633,0.6764816625028071,0.6525964842688781,0.6568922690216199,0.6517245195293129,0.6624154142178899,0.6869841352404301,0.6207060176969288,0.6722365788807446
train,62,3754,avoid,True,1.0,0.7532885990728142,0.8083081945934432,0.6884479004376699,0.6875288777871073,0.7555812730349478,0.7863893898368977,0.8164397609902362,0.7885785350333162,0.7839726366538884,0.7231223681961001,0.6492010639051131,0.6756885042714365,0.6857207605340684,0.6053391153752146,0.6751187128138254
train,63,3772,state,True,1.0,0.4399778222253801,0.6316768353958853,0.8254304133176321,0.7939527937213474,0.7300986899538424,0.6406237368573299,0.6343572188057301,0.6301937027422475,0.6053939514052736,0.6145892531516436,0.5916148789677886,0.6036634093685497,0.6253846831797637,0.5701423802192063,0.6110881240218871
train,64,3775,shoestring,True,1.0,0.87790606094703,0.8973186551308472,0.9641814487761831,0.9669239434953416,0.9576828422176614,0.9427629122908477,0.9176572892176131,0.8967296825988813,0.8770993942480817,0.8331648693138638,0.8083547006374774,0.774410154790863,0.7864078123211853,0.7999745006883642,0.7948338220845805
train,65,3780,provide,False,1.0,0.7276047183452427,0.7443838983611963,0.6970039996849784,0.7212660889165753,0.6551766554837732,0.5873342347223811,0.5920699193335068,0.5562799808328548,0.5271026343159386,0.47549267104951365,0.4334773819211388,0.43868451322664176,0.4967012963874234,0.41709497875073204,0.4653035720307884
train,66,3902,catch,False,1.0,0.6327195323238457,0.7596731969722094,0.8534051080046167,0.8266323838485576,0.7273195846516252,0.6845743305288217,0.611184514416874,0.5664271393224843,0.519061804359046,0.5132513401276323,0.41480614925447407,0.36981228605111943,0.44365974439445294,0.4104709542032151,0.4287015541520278
train,67,3944,drink,False,1.0,0.47108658580934304,0.5418060580018124,0.830377351216088,0.8234171522279026,0.7767287526738546,0.7106959015034161,0.6972868988065497,0.6892317454461366,0.6706580939667166,0.6467591851520276,0.6611634427848886,0.6585516243690571,0.6727629807651956,0.4553126809403545,0.6580736697449903
train,68,4034,catch,False,1.0,0.4580300154630811,0.7497216325306981,0.8694994746233833,0.7923277774917957,0.804461178938448,0.7527755125405585,0.6886546930574515,0.6543339487228426,0.6180223493409145,0.5725154793996744,0.49777247448059275,0.4428481771684429,0.45195307890934394,0.4156430052386699,0.4645920547779407
train,69,4076,strike,False,1.0,0.12334454061475883,0.12334454061475883,0.8401894330453566,0.8084270161993427,0.7337119205179824,0.7142092482277429,0.7170734154166777,0.6687822976190797,0.632458346836178,0.6245111350768885,0.5794597138425346,0.5542784430658965,0.6111222599019487,0.7984316507832896,0.6074146956758933
train,70,4195,call,True,1.0,0.4351863403458741,0.5365087351651184,0.7307600307902099,0.7698512237132886,0.7678042418302241,0.7646232610883575,0.7774091562916982,0.7846861738165049,0.719335112339628,0.704617045655714,0.7003796691019158,0.7022937491479659,0.7188553727243306,0.660748291185767,0.708132542788562
train,71,4198,pay,True,1.0,0.5320301556777574,0.5320301556777574,0.9068862557427328,0.923077756328118,0.9178336145651708,0.9221656954675567,0.9174425141861472,0.9178184726838565,0.921770536451679,0.915100089399423,0.9106931522742568,0.9124075853832855,0.9136259610301153,0.8691293455977913,0.913285783426271
train,72,4226,anchorage,True,1.0,0.5355187781559958,0.74329560381761,0.9002340931349093,0.8896193403864661,0.8736321664446547,0.8580917887235591,0.8410227127587312,0.8322902433525711,0.8301982323723167,0.803668350978348,0.7832093751897398,0.7460591484992073,0.7488938346713784,0.6301169654689281,0.7586296554165304
train,73,4285,copy,True,1.0,0.8473464111439009,0.7187208061805445,0.6338352522514931,0.6717680768895734,0.7276631627639583,0.6890566494598561,0.6998256598977521,0.6882064529396054,0.691322601967632,0.6855197830601633,0.6584622436976603,0.6403191401000522,0.6361682193043076,0.5353743045541624,0.6420978991389928
train,74,4326,speak,True,1.0,0.6404039320936741,0.6509234805100258,0.8651248926253076,0.8192467692368933,0.7603933698920451,0.7575092587107176,0.7698338596393246,0.7862915355194001,0.720441572467144,0.6555236960903135,0.5437425796289895,0.5038917202564668,0.5975120544743409,0.6145837416676186,0.5822007300334826
train,75,4387,coverage,True,1.0,0.6845168282590482,0.7759381383805938,0.6362293976405874,0.64769403196552,0.6169453196683703,0.5894617968790947,0.5976685114899761,0.6030023855339778,0.6314378721158254,0.6380540168131581,0.5886547594737703,0.579639769295663,0.5639921001510402,0.49758983104446886,0.5913790708951455
train,76,4388,leave,True,1.0,0.7551696523686509,0.7551696523686509,0.5741597505822995,0.6150467593922545,0.6956385736612579,0.760242741381759,0.7844556431733914,0.8362176405337193,0.7933194894432901,0.7517440254202872,0.6440882113911126,0.5985471170022235,0.5960744160880704,0.5096826132254838,0.6128894082813824
train,77,4422,take,False,1.0,0.48013046812432986,0.4705762884268139,0.8131220837550138,0.7736859671510942,0.7045679558859033,0.6130107705557151,0.5292089912450483,0.4640301380821198,0.4146710646564865,0.38129537239399947,0.37303628452143917,0.41416065942575936,0.4725506476450373,0.39438711745423916,0.4390137958504145
train,78,4436,side,True,1.0,0.5404141751493199,0.8032269719878541,0.8891202855549308,0.8305419641244367,0.7463372520600102,0.6621910606915382,0.6093680367855401,0.5639366456091632,0.5097118693227548,0.47643446408569606,0.43129378924412143,0.45524951302017713,0.5030286736642647,0.4630099372908032,0.4714085713760113
train,79,4463,sex,True,1.0,0.3653046582443856,0.5977471628300555,0.8609255405422642,0.8036291307556674,0.7697961152751727,0.7214061023481471,0.6805931386894948,0.6815844282213608,0.6856635121188336,0.6617137260627164,0.667172188950338,0.6654529262822735,0.665268468866754,0.6203084052963369,0.6718551697222624
train,80,4512,understand,True,1.0,0.8803215799978333,0.8838997828105122,0.9627387052724723,0.9512946794477126,0.8936080214358709,0.8700274520209965,0.8328650863372785,0.7733980313394975,0.7710533704555977,0.762712701174281,0.7524436910300456,0.75629664059815,0.7895412453117753,0.753308439506073,0.7742017578278714
train,81,4597,contact,False,1.0,0.2787984995017073,0.6813319377780056,0.5550336469014933,0.5083092921011211,0.4601112978629359,0.431113923429706,0.4326961639212237,0.42937193869796664,0.41260689585356586,0.4234172753953818,0.42681108084538644,0.4823570797717796,0.5569618349980718,0.40769095516882237,0.4835793969965509
train,82,4637,mean,False,1.0,0.27902056814874593,0.31788876443684777,0.4771713511068967,0.5043017373201033,0.5091715953882414,0.4753571824502813,0.3822847754205116,0.3307439792744356,0.3320136063809547,0.3282812824484489,0.3158413148922913,0.3071684173638069,0.30309142270869116,0.2728169877561279,0.3073574929794126
train,83,4791,fabric,True,1.0,0.8871871839036403,0.8588335972642173,0.9114314825871205,0.8863209791298707,0.8964185883055152,0.8748987508901822,0.8605862932490714,0.84703381478684,0.8538306559040253,0.8066961444161072,0.7869735529772415,0.7647410009189856,0.791014154549678,0.7390015968390384,0.7887428310262585
train,84,4883,accept,True,1.0,0.6052103801028825,0.7643258255519477,0.8950342584978535,0.8781545635306957,0.8350060515788862,0.7894723063726002,0.7738091121959448,0.7904955979818533,0.7932101393429317,0.7532612339800803,0.6979540440435786,0.6804196453040592,0.7101129997252003,0.6310927140965128,0.7095561452174244
train,85,4933,union,False,1.0,0.6467899102605139,0.7692876269301316,0.9258949195722807,0.7966679138590722,0.7001389482580604,0.5926449184534174,0.5565136740580321,0.5269426884526743,0.5054397360001801,0.4939065065275138,0.4975429280757273,0.4892586210076156,0.4696612554895331,0.4084484714580181,0.4920421103636881
train,86,5023,loss,False,1.0,0.8482701894545048,0.8292854709450488,0.868351934219139,0.790852271360302,0.7924501963148274,0.7320110217072456,0.6977379018530495,0.6623476124280233,0.643221486789161,0.6370626489504417,0.5904775196781943,0.5697462643304912,0.6126517151146413,0.5513948178663347,0.5959840092862893
train,87,5056,stretch,True,1.0,0.6551364829195275,0.6196525043439088,0.5960589373424899,0.6066382856331691,0.5903277205933577,0.575567891736584,0.5644612445312086,0.5416468943406009,0.5616799948400653,0.5552335270105078,0.5490283841355653,0.5941183340583576,0.6253318514055807,0.4938115159002916,0.5882630661950259
train,88,5064,drink,True,1.0,0.6828473198913321,0.7902319344769687,0.8701696027376583,0.8850551175779341,0.8603319944417666,0.8511734364813104,0.8547143957461907,0.850880631663506,0.8467203905244581,0.8441548816301887,0.8358533430615607,0.8147887617835502,0.8208273824177157,0.7917811989162473,0.8298571366321665
train,89,5077,range,False,1.0,0.6872888825849252,0.7634368794653399,0.8516450773684626,0.8063356564262404,0.7141370182443948,0.6636835458359688,0.6217225336891858,0.5615072811026393,0.5390157313339329,0.49792887839118977,0.4330929603982879,0.4413605823959605,0.4255252645138613,0.380144786206756,0.43301876533621697
train,90,5176,classify,True,1.0,0.808322768010736,0.7867432594578564,0.9199480222727615,0.8996224376522932,0.845452738653963,0.8445449920813441,0.8001063306970111,0.7586703583256691,0.7539414026788688,0.7219712477754007,0.7107568682067594,0.7083825352151262,0.728427687716436,0.6927502381396364,0.7349515453792561
train,91,5180,queen,True,1.0,0.8112889637202786,0.679104719341492,0.897062119748746,0.9053467555574762,0.9114129566865066,0.8997452001229415,0.8383359350393534,0.8249927704740998,0.831819387765763,0.8442666152343429,0.78561300855116,0.7784018904400972,0.7722443965690376,0.7361178079729968,0.7803096928951473
train,92,5185,opening,False,1.0,0.7806112006117009,0.6613333626301631,0.8195211407056011,0.7649149345317626,0.6313111640393465,0.5355181891081544,0.5007526284241478,0.4941107850756064,0.49958749007992415,0.5163404291461359,0.46977802564692933,0.47504169178837075,0.4970806482012633,0.3671113694111887,0.4830559654409462
train,93,5218,strike,False,1.0,0.4361395528269127,0.39615121592791586,0.8090743576180901,0.7528730809438332,0.7146043553096403,0.6703993196507251,0.6285585250087595,0.5930747539734402,0.5914249596552761,0.5786362474792979,0.5473183486822923,0.5161179931331517,0.5610728727931235,0.4187928242292776,0.5524109605711337
train,94,5369,attendance,False,1.0,0.5755085595932611,0.7748380527947939,0.8940005103478212,0.8590701631754977,0.8338652493165778,0.7933310014918151,0.743812198324398,0.7058833657910313,0.6506675233039745,0.5959149288327069,0.5809866494647549,0.5927642174530252,0.6406021047624512,0.5657311769668155,0.6070406308815599
train,95,5409,fun,True,1.0,0.5624590543696175,0.8440854794990973,0.9027162754125725,0.8739601872997222,0.8551949920820943,0.7999058540478973,0.7610360887689437,0.7378827431179729,0.7157764646590699,0.6370384593850152,0.6063016405672751,0.5993259711679617,0.6311059431642075,0.5856458239102302,0.6167926108731092
validation,0,19,obstacle,True,1.0,0.9648481182509243,0.8487564585673398,0.9252215990712006,0.9135507242926244,0.9213142966369732,0.922438792637778,0.9355079750946371,0.9410432255000827,0.9419155573102981,0.9447697376818474,0.923204253571308,0.9182288709161571,0.9172456512923942,0.9135730359137801,0.9249920502019057
validation,1,25,lay,True,1.0,0.6984916159222048,0.7978415814473188,0.8731422991970894,0.8415057581522816,0.8352847503053058,0.8166332482421963,0.792209693175476,0.7632116337227437,0.742395947039465,0.690543320689035,0.6670461857224165,0.6594331953858931,0.6994655354882116,0.47789435449649176,0.6774446003808203
validation,2,37,squeaker,True,1.0,0.3711302966290389,0.48866231317524317,0.779054372957626,0.8294474873671456,0.8219141666945772,0.8132089489708381,0.8189702933101874,0.8294813128130359,0.8147063625624246,0.7872206832551678,0.758952043203844,0.7623058661192438,0.7997683815869888,0.742110791535122,0.7795058596170832
validation,3,48,look,False,1.0,0.5663597940455944,0.6062038837170497,0.8798754614382677,0.8360740874602032,0.7852363890649657,0.7153536168834084,0.7025371090052416,0.6693505240825894,0.6393643015385699,0.6400518535337614,0.6114614654269852,0.6097424027083042,0.6690263439897517,0.5776441741379458,0.6385615048764113
validation,4,83,slip,False,1.0,0.38519794440545474,0.5717559270787407,0.5831194346987312,0.6140027302990613,0.552695826938065,0.5803826906267514,0.5569773278790969,0.5029760729708977,0.42673506421769924,0.41539130822409087,0.416698785424752,0.4561588020314497,0.4584616386506682,0.2328929670579414,0.4241877794384788
validation,5,88,shower,False,1.0,0.6544925786787925,0.5950366001597878,0.8378889742329912,0.804368978421599,0.7396685599920723,0.6259979815113405,0.5622057211423164,0.5360000716479628,0.5525760606887393,0.5118083651930649,0.48159645640250104,0.4708444326975395,0.48401918056228405,0.43412027752669896,0.4754702329523044
validation,6,93,incorporate,False,1.0,0.5232757662179786,0.6011096924908441,0.5480426758236026,0.5457047386680334,0.4856605680323975,0.4694613876946543,0.46787512999637226,0.4409319401667058,0.42796301541538123,0.40630667105245016,0.3727592754805855,0.3979406843136467,0.4453996130206075,0.20405286108853593,0.40058972561260126
validation,7,110,vary,True,1.0,0.2836271560856607,0.3737983736113732,0.8673704198173797,0.8519572177971031,0.849953900756315,0.8423989250460592,0.8593876228869005,0.8281769993366958,0.8390698530860391,0.8364662061524314,0.8486167093232145,0.7865089550860741,0.7524156146591509,0.7149201816094058,0.801701092415753
validation,8,149,intention,True,1.0,0.684223369664859,0.736647499284797,0.56453648351756,0.5923853513989626,0.5893736837211564,0.6125865519378342,0.5305886601307321,0.4539451364329188,0.4743286767386708,0.4288996635821256,0.3960475266156508,0.39727168384321165,0.4236079195587557,0.3709812279625805,0.4088804930693256
validation,9,150,mandate,False,1.0,0.3702226896982533,0.4558365159559282,0.35947392625439095,0.38581952532246416,0.39224543381070726,0.42397213134822687,0.4819951506134809,0.5110478567656682,0.4999047385761683,0.5466837700081494,0.5384999701841919,0.5680253716451158,0.6021916842064864,0.4080745949330416,0.5702607631152009
validation,10,167,scallop,False,1.0,0.3937678387246358,0.5900782765400822,0.9771914530159816,0.9828122418724272,0.9836272808206981,0.9836795356591598,0.9698338925266047,0.9639370284892409,0.9587165926690308,0.9368856213580203,0.9120598819668562,0.8656456834997406,0.8263603142665457,0.770249143712716,0.8640351878106965
validation,11,188,resolution,False,1.0,0.6445367301066023,0.7813025512018696,0.8662873873475312,0.7882044381473647,0.681700981660663,0.599812063314219,0.5305980660062249,0.4739347530674081,0.4771141544732072,0.4299228000675402,0.3806943043059033,0.3774837182053768,0.4326223595550998,0.38726401445427155,0.4075764819896971
validation,12,190,board,False,1.0,0.6289994735769007,0.6615943609675196,0.6338120335837157,0.6095406677726704,0.5956097364903895,0.5634920299773447,0.5198660020103538,0.5199898533644175,0.49249838772336935,0.45241539831122624,0.40199085771373294,0.4255513097115342,0.4674443016614606,0.446186650188483,0.432852051701008
validation,13,193,kick,False,1.0,0.5366776657529474,0.7445232971049318,0.8699427016858877,0.8448018668714004,0.8055132581983828,0.7737219342446738,0.783409778650712,0.7905621458908335,0.7776511366337913,0.7512583069929157,0.7359045470113069,0.7269410927795316,0.7467226035686989,0.685990863579053,0.7416493851096534
validation,14,202,button,True,1.0,0.5866714821531851,0.7135537859725583,0.5315064565398475,0.5710138783631558,0.6327926882795172,0.6237574385922833,0.6277705219335483,0.6164627967383434,0.6242303103946346,0.6124648853421248,0.6010475183912863,0.5946103834454919,0.6271226748011327,0.6137956516744012,0.6164192815752182
validation,15,218,club,False,1.0,0.48400106006867427,0.6694425451923036,0.7837946323887854,0.6243752687922969,0.5521598660204254,0.48513186813260073,0.4557232819990515,0.4398449645279965,0.449098677073164,0.47364750559346097,0.4400455776104628,0.4043943172347339,0.44389925273080777,0.3857818266011469,0.4342500027889149
validation,16,223,sequence,False,1.0,0.34921661977776147,0.6787973389056158,0.8327980227939842,0.7877812142170043,0.7637432830005443,0.6976416282590583,0.6745710058205974,0.6666310953935632,0.6366182246734827,0.6558172174691221,0.6436867800906088,0.6324706054682648,0.6534434582416102,0.5337854032662133,0.6440667413639263
validation,17,239,curd,True,1.0,0.3402185003751002,0.3402185003751002,0.9858224075662739,0.9886562570507108,0.9884157287079597,0.9759282021245199,0.967108305350918,0.9678312574954916,0.9655417130971602,0.9637145101178088,0.9603556351883126,0.9433267534343138,0.9419171406118774,0.9295370525472222,0.9474664042623097
validation,18,241,tradecraft,True,1.0,0.4031335964572403,0.6567726837621579,0.9081492815583889,0.9028470846985288,0.9049345510244465,0.8759862047542284,0.864118758590785,0.8567138899429504,0.8295376846535787,0.8128545209512612,0.7881049221942059,0.703852757213463,0.7158079651795513,0.6270187654065412,0.7326528269183669
validation,19,256,cognate,True,1.0,0.5704837073664213,0.7167110093057371,0.8291306175613709,0.8732844452472883,0.8911522681589007,0.8872364538802874,0.9042346524172016,0.880226335699203,0.8511599417931159,0.8388721582803457,0.8382750029972099,0.8757839187079373,0.8844436851520243,0.8630433093889567,0.8703321647855958
validation,20,276,draw,True,1.0,0.5136154508857753,0.6358551683599538,0.8959279182432184,0.870074421144923,0.8493276665361335,0.8146021889484011,0.809897862687528,0.7814179845474514,0.7426192280782455,0.6875956356855911,0.6468074829505032,0.6391947109723736,0.6780094636970762,0.64240789939656,0.6627973984193988
validation,21,279,tap,True,1.0,0.4298677898701992,0.716384440171416,0.5768570354984293,0.6021465859308186,0.6941606292159674,0.7122721876387498,0.7237160345077185,0.6930338427373788,0.6863550060291994,0.682457020750485,0.6539505138105149,0.6496088652024716,0.6753516808075753,0.4841083888749146,0.6529563109067019
validation,22,281,ticket,False,1.0,0.42842925440075846,0.7193632956267173,0.8808862856662296,0.8193791095709977,0.7664001681539828,0.7229757633687829,0.6725884564285435,0.6576836376627415,0.6052107842805412,0.5563000694365096,0.5269136182369808,0.5361117895051261,0.5861786624626517,0.5150556124787592,0.5552241331179932
validation,23,283,triangulate,False,1.0,0.6977437443655312,0.6374071697761652,0.8156495884210488,0.8272299612783877,0.8502306938929501,0.8378720884743831,0.8572783452336447,0.8350695777453284,0.8412351633548368,0.8252113739575105,0.8036094777639171,0.7718482851027056,0.7684952665818312,0.6672204796859512,0.7722847747141388
validation,24,294,absorb,False,1.0,0.6174127671581217,0.7315701906503045,0.5699460219095683,0.5963547770221989,0.6231461661092741,0.67113601266756,0.7017144248414418,0.705303419729168,0.6892801753625035,0.6742646325866509,0.6480314482539894,0.6404082034382736,0.6305328005445998,0.27020162847934104,0.6247552627168029
validation,25,299,point,False,1.0,0.4178821464843281,0.43968473877873065,0.7696768644486759,0.7181039870317628,0.7062520250216288,0.6196956378656714,0.6117052463541133,0.603053859896953,0.6290097990266956,0.6389060043846706,0.5738134249506415,0.5951959747536605,0.5744455367205381,0.2434207282644923,0.5634168807463849
validation,26,300,nightlife,True,1.0,0.4333456188900194,0.5490261273393974,0.8973098244914105,0.8730645359642354,0.8635065634140946,0.872271011614122,0.8608765629462453,0.8596960123884091,0.8418369564899301,0.8020431297822739,0.7745613407350586,0.7525840361477552,0.7715532703209977,0.751885500999638,0.7706925159010181
validation,27,307,button,True,1.0,0.5996019520318313,0.5652409160813715,0.6370437878611327,0.6523740497965482,0.7105796642138271,0.6885860862793017,0.6873393347431358,0.6562447578370428,0.6753929206900007,0.6492297965202773,0.6077249936861617,0.5829326366939255,0.5284726032000985,0.46953894208958535,0.5683782802923962
validation,28,317,metadata,True,1.0,0.5800198686758887,0.7486102260805017,0.9346869501713385,0.9097080821977241,0.88770645082286,0.8856044664145979,0.8750166171697459,0.87320153031337,0.8559598612645922,0.8238227177468561,0.7984575331437715,0.7901260479579449,0.8053810388038377,0.7071372533211103,0.7970305211882757
validation,29,326,pocket,True,1.0,0.5422566784300036,0.7804634516133879,0.6546219236966299,0.6824520314400421,0.60716218228428,0.5221867083953695,0.5441970929646724,0.5156840699148606,0.5043191621714981,0.49916707202267435,0.4925152080204216,0.5279272459658296,0.5917013764011545,0.6310538301212312,0.5618512685826142
validation,30,336,afflict,False,1.0,0.7644803171556912,0.6849518029642524,0.8146932121786317,0.8324388712472929,0.7985009883045838,0.7652261405098771,0.7192271879957736,0.6984139509540934,0.6836593874473621,0.6578838440668692,0.629244828494247,0.6499510021273578,0.6572631084698701,0.3114198525644274,0.6192166789228803
validation,31,337,dish,False,1.0,0.8013757666801585,0.8560128557144506,0.5777289503663804,0.6452499091965059,0.6165155276106883,0.6510868780634442,0.6568212425403611,0.6203916691218039,0.6078665312832996,0.6307074528893922,0.6498090573832166,0.6999854129299008,0.7205415099259883,0.6474129276068903,0.6859419207804041
validation,32,339,peak,False,1.0,0.7039418494948756,0.7570350724343394,0.9017145718280677,0.8848445280370563,0.8103342006638408,0.7690633927160732,0.7268524011791024,0.6653225714273822,0.677345472831058,0.6577228793592842,0.5981899653095633,0.5932991358052624,0.6335864837176503,0.5709844510601321,0.6120486055973023
validation,33,377,abridge,True,1.0,0.7372962304818355,0.7393463046447961,0.8292701101332823,0.8367930417217296,0.8449959851428763,0.806540585225074,0.7759683012287472,0.7392634054369375,0.6199793813395591,0.6553733745437077,0.7094443413356982,0.7309964399083592,0.7261164498170203,0.6912234438532765,0.7301102373229598
validation,34,386,association,False,1.0,0.15426359173040077,0.4648088627606418,0.7858049514319861,0.6906617377001313,0.7092575498686584,0.6325901284470904,0.597018146090056,0.5704654154574273,0.5385813305329196,0.49196064131913464,0.47073331307820415,0.45878109875403733,0.4842628356466645,0.3568664301244091,0.4630148029031281
validation,35,393,agency,False,1.0,0.3411586901866597,0.33447544917208577,0.7395976125890026,0.6512598462555073,0.6182218403752274,0.588401094477833,0.5384478970031079,0.4250202000435288,0.3497367688191144,0.3474593291691257,0.3232120931971342,0.2955645744046338,0.37071001004421855,0.37191938781610895,0.33672858312136056
validation,36,395,rehearsal,True,1.0,0.6104859382738067,0.6698615235779166,0.5880928927473584,0.5862664751537879,0.6314185681554476,0.639941960726976,0.6645864335083852,0.6867158420145875,0.6988283944898989,0.7077385831173253,0.6941626788985048,0.7153888157533671,0.7311056994706094,0.6399231151090978,0.7105557958062357
validation,37,399,upstage,True,1.0,0.5434837817539617,0.6827156565070278,0.790192396483085,0.8162288032763899,0.8287638346793919,0.8104449845560519,0.8506033228433789,0.8124369445728529,0.7553116000627065,0.7249181757953129,0.700536112485164,0.6644393533804597,0.6679225844727403,0.6366161184154304,0.6762978177061296
validation,38,401,drawing,False,1.0,0.562520271486309,0.5758595284496828,0.46869325715081556,0.47806780366893237,0.43153492818340494,0.42875172175311993,0.5001273439300443,0.5006815515291374,0.5112345730161859,0.5258611872703982,0.5364020229029046,0.5749123877793036,0.6064996756241441,0.4986568465645588,0.5701427020988068
validation,39,410,herald,True,1.0,0.7240763439801093,0.7580403501677964,0.9377348827693425,0.9163377366559026,0.8460824034526155,0.798350183667542,0.7949033154349027,0.7783379610838843,0.7643991904995642,0.7337264870050663,0.6944395693274039,0.6616091597925586,0.6245051556749548,0.5597953041667666,0.6603573276181932
validation,40,422,activity,False,1.0,0.5154237522864419,0.650680719925423,0.8560181139023131,0.7951604907178453,0.7855973187286692,0.7621796096093121,0.7611017872968618,0.7548135893558752,0.7486701212997905,0.7242026742376195,0.6751175601861035,0.6867294280889762,0.7159387544315534,0.6400768449369358,0.6971361274001239
validation,41,440,spade,True,1.0,0.2220523668978052,0.3112741829006575,0.6795327848202851,0.6539199936216136,0.6119926846706235,0.5607335037868656,0.5799318079520465,0.5770242528815634,0.5567055484479315,0.5317585534239665,0.512402215967328,0.4993727747454907,0.5613830262297272,0.4274468786029939,0.5180656283266819
validation,42,443,protest,True,1.0,0.5597349266707219,0.6916116625584278,0.8755386412742541,0.831326314780078,0.8305014711390892,0.7763740817487734,0.7762901754226755,0.6759474644163878,0.6149180741072631,0.6712188236870675,0.6681369138325012,0.6397958407790242,0.6876708081812475,0.6300867014333208,0.6706731947968025
validation,43,452,surface,False,1.0,0.5658326461528098,0.6845542098192944,0.889813806367057,0.8453829683148143,0.8149906491504827,0.7406023608210661,0.6773406224379853,0.644673155436275,0.6260092245025165,0.5394045077547958,0.4898906318964796,0.47798412354988573,0.5236966032429181,0.45844195375215985,0.49776305327793186
validation,44,459,remove,False,1.0,0.17908537287067233,0.17908537287067233,0.601181240741611,0.606942804206787,0.6589619669035823,0.6675400074453375,0.6350331489179389,0.6397724807767898,0.6498130341167302,0.6492598682420092,0.5535655908340991,0.5392717370002358,0.5646107054931,0.3626109747137605,0.5463796775988652
validation,45,467,patronage,False,1.0,0.32529034404617496,0.6502947509745683,0.8727326456319667,0.8409534683901881,0.8571199250652936,0.8454120847654633,0.8450203893024004,0.8457800581517162,0.8414258369624315,0.847933997466151,0.8328854476213009,0.7847167977007365,0.8011206739799189,0.7218114422507304,0.8066827484211934
validation,46,475,continent,True,1.0,0.5491511894728237,0.6627761481358427,0.5094962131867413,0.5414976389150108,0.5746281101051989,0.5917425001736007,0.5873711443237717,0.5853368415744645,0.608092405790629,0.6238729725851603,0.6082881609784484,0.6366818853882292,0.6571687928661624,0.6247818514329517,0.6380164990968746
validation,47,486,vision,False,1.0,0.6841689236096308,0.7339768026888407,0.8149707022722238,0.7583378886531734,0.702698668466745,0.6395236390364345,0.6089264315060245,0.5630334872938298,0.553339394521025,0.5160571772756426,0.49625909608663143,0.5115945990587303,0.5349267992662402,0.5098581205382469,0.5251423802820926
validation,48,489,whitewash,False,1.0,0.7363325698732546,0.799454368295186,0.8535287864695387,0.8824741812222627,0.858303440270661,0.8454268714710238,0.8565649019273059,0.8623038228969804,0.8507050870829178,0.8318005329492945,0.8103234403750903,0.7836617343403037,0.7825399649131426,0.7726754380714844,0.7988954657319456
validation,49,521,share,True,1.0,0.7124083418379704,0.7086459163032499,0.8213881609992019,0.8180327836874215,0.8703861630471041,0.8741568821459014,0.872763060197448,0.8542822290716708,0.8084147676776466,0.8236767156375358,0.7972044613239144,0.7594378870147219,0.7463095440795627,0.7342268023554819,0.7780804934121262
validation,50,535,property,True,1.0,0.6597414031930696,0.8077828979490659,0.9352622952821273,0.8632848976580363,0.8594751304464807,0.7650744328999484,0.7627980324448871,0.7469282002968515,0.6964846275338007,0.651435346857724,0.6446575105221257,0.6556645167482437,0.6906793648488749,0.6427345232164159,0.6764941943757455
validation,51,546,fight,True,1.0,0.69574168681336,0.7618636409820181,0.6410179340789742,0.6957298406249605,0.6981746371621215,0.7397378302342936,0.7638268026733985,0.7931285428843902,0.804901372573209,0.8156914467336799,0.798185010242099,0.7968981675115188,0.806295490634985,0.7354101310930401,0.7993626662730723
validation,52,549,intellect,False,1.0,0.4399736815289697,0.6823870334336637,0.7027334250634262,0.725751738609455,0.6778282515917053,0.6499184419327709,0.6395077824699226,0.6159261901576794,0.6040240445496277,0.6013151123258712,0.5908458069200481,0.5667830059299852,0.586436351877829,0.5149966047134382,0.5884543253229078
validation,53,555,scavenge,False,1.0,-0.07799646368874066,-0.04721291872443018,0.7722100654930334,0.770559519243338,0.7541619876727885,0.7579555163823213,0.7662328389077698,0.7573145512533782,0.7475636294092209,0.7195006197057072,0.6661191690899582,0.6540819454488463,0.6606346709082541,0.6623221356094002,0.6720223684751591
validation,54,556,recreation,True,1.0,0.5153613232368318,0.6664908112982169,0.8220885396965194,0.7832017907119623,0.7338985755416588,0.7418673496648517,0.7633565350026632,0.757994903995084,0.7628189695133185,0.7465497466871132,0.6958667770474748,0.706572811124042,0.727344549467367,0.6471976683487043,0.7143984462785976
validation,55,568,dissipation,False,1.0,0.5728357335583891,0.4873787234015059,0.9669483491441434,0.9739705994249865,0.9744853700753474,0.9678676792161782,0.9625144988722619,0.9516022673660042,0.936656103487983,0.918533324146362,0.8766666710803069,0.7784026163973632,0.7860020888373244,0.7633257008110835,0.8146307115266433
validation,56,570,drought,False,1.0,0.5745134285160776,0.7689923114099129,0.8615686924070267,0.7845815680818735,0.7378162058420183,0.7125449485780281,0.6879116190334866,0.6161760014665639,0.6299747697195854,0.5851413405971806,0.5608184491527156,0.4713061077218023,0.47522335803919213,0.4491525452915295,0.5085972070564823
validation,57,571,move,True,1.0,0.5650903684170346,0.6204381659678898,0.6859136073922972,0.7063026285313146,0.739873882891065,0.6813688468190743,0.6891620463996895,0.6779331242373663,0.6246886314416723,0.6199088296219386,0.6303424810389335,0.607692321203335,0.6491176423553011,0.5872653820023435,0.6280392330074847
validation,58,573,deed,True,1.0,0.689612037529155,0.7611416407184805,0.8692076949073142,0.8558833386737491,0.8153416121207657,0.8016216800681816,0.8079624866618951,0.7997816101706842,0.7958754658097486,0.8017916919425915,0.782088632318834,0.7789156751475148,0.7792956704827662,0.7470160015386944,0.7866924042671084
validation,59,574,transfer,False,1.0,0.6148845068263592,0.8197540011158322,0.7879369920148184,0.6807154849369974,0.6233827083692672,0.6078962637677696,0.5852880264949032,0.5624376120780715,0.5510351709413592,0.5115874223326096,0.4904889003103652,0.46385741495394234,0.48598545915877456,0.4625372050178237,0.488600063656092
validation,60,575,fatigue,True,1.0,0.5273248614998214,0.698249533263252,0.8690559127202495,0.8560092941744144,0.8457956349557667,0.8366785398774282,0.8505049022555417,0.8479290163325811,0.8463364739923016,0.8399832352055441,0.8023785967060811,0.8038576285066706,0.8057037972588216,0.7548097552618823,0.8095370725555076
validation,61,582,decussate,True,1.0,0.6734061833510222,0.6734061833510222,0.9220074772971253,0.924183058472702,0.916432075077087,0.8981954654809556,0.890853034085608,0.8723939246028327,0.852457991330795,0.8253771985152698,0.7828447768204004,0.7823237674522737,0.7781061347955519,0.7358899397394658,0.7822410525968697
validation,62,612,risk,True,1.0,0.6674161485234362,0.7546318796589694,0.9040496046413486,0.8475850176131217,0.8256856568259462,0.7781663812696863,0.7399274371735686,0.7162411707825468,0.7023287098887903,0.689564286598481,0.6300722853949716,0.6273297418835988,0.6386515149035644,0.6403817400804934,0.6415521344786301
validation,63,617,stabilize,True,1.0,0.7459523243890404,0.7280997842632195,0.5851170921882681,0.6379243619916721,0.6620841985653462,0.7097947038112489,0.7408462963739485,0.7775763813680411,0.7798740153300654,0.7754617355040998,0.7245029722564532,0.70863953834715,0.7200540515982551,0.6478791423390802,0.7164248031137811
